{
  "Boston Celtics": {
    "Salary_24_25_M": 193.1,
    "Picks": {
      "1st": [
        "25 Own",
        "26 Own",
        "27 Own",
        "29 Own",
        "30 Own",
        "31 Own",
        "32 Own",
        "33 Own"
      ],
      "2nd": [
        "25 Own",
        "26 Own",
        "27 Own",
        "28 Own",
        "29 Own",
        "30 Own",
        "31 Own",
        "32 Own",
        "33 Own"
      ]
    },
    "Roster": [
      [
        "Jayson Tatum",
        97,
        54.1,
        26,
        "SF",
        5
      ],
      [
        "Jaylen Brown",
        94,
        53.7,
        28,
        "SG",
        4
      ],
      [
        "Derrick White",
        85,
        28.1,
        30,
        "PG",
        4
      ],
      [
        "Jrue Holiday",
        85,
        30.0,
        34,
        "PG",
        3
      ],
      [
        "Kristaps Porzingis",
        85,
        29.3,
        29,
        "C",
        2
      ],
      [
        "Al Horford",
        80,
        9.5,
        38,
        "C",
        1
      ],
      [
        "Payton Pritchard",
        81,
        7.5,
        26,
        "PG",
        3
      ],
      [
        "Sam Hauser",
        78,
        2.1,
        26,
        "SF",
        1
      ],
      [
        "Luke Kornet",
        77,
        2.8,
        29,
        "C",
        1
      ],
      [
        "Xavier Tillman",
        76,
        2.5,
        25,
        "PF",
        1
      ],
      [
        "Neemias Queta",
        78,
        2.2,
        25,
        "C",
        2
      ],
      [
        "Baylor Scheierman",
        74,
        2.5,
        21,
        "SG",
        4
      ],
      [
        "Jaden Springer",
        73,
        4.0,
        22,
        "SG",
        1
      ],
      [
        "Jordan Walsh",
        72,
        1.9,
        20,
        "SF",
        2
      ],
      [
        "Anton Watson",
        70,
        1.2,
        23,
        "PF",
        1
      ]
    ]
  },
  "New York Knicks": {
    "Salary_24_25_M": 188.9,
    "Picks": {
      "1st": [
        "26 Own",
        "28 Own",
        "30 Own",
        "31 Own",
        "32 Own",
        "33 Own"
      ],
      "2nd": [
        "25 Own",
        "26 Own",
        "27 Own",
        "28 Own",
        "30 Own",
        "31 Own",
        "32 Own",
        "33 Own"
      ]
    },
    "Roster": [
      [
        "Jalen Brunson",
        95,
        37.5,
        28,
        "PG",
        4
      ],
      [
        "Karl-Anthony Towns",
        92,
        53.1,
        29,
        "C",
        3
      ],
      [
        "Mikal Bridges",
        89,
        24.9,
        28,
        "SF",
        2
      ],
      [
        "OG Anunoby",
        88,
        36.6,
        27,
        "SF",
        5
      ],
      [
        "Josh Hart",
        85,
        18.1,
        29,
        "SG",
        4
      ],
      [
        "Mitchell Robinson",
        81,
        14.3,
        26,
        "C",
        2
      ],
      [
        "Miles McBride",
        79,
        4.7,
        24,
        "PG",
        2
      ],
      [
        "Precious Achiuwa",
        78,
        6.0,
        25,
        "PF",
        1
      ],
      [
        "Cameron Payne",
        76,
        3.0,
        30,
        "PG",
        1
      ],
      [
        "Jericho Sims",
        75,
        2.1,
        26,
        "C",
        1
      ],
      [
        "Tyler Kolek",
        74,
        2.0,
        23,
        "PG",
        4
      ],
      [
        "Pacome Dadiet",
        72,
        2.0,
        19,
        "SF",
        4
      ],
      [
        "Landry Shamet",
        74,
        2.5,
        27,
        "SG",
        1
      ],
      [
        "Ariel Hukporti",
        70,
        1.2,
        22,
        "C",
        2
      ],
      [
        "Kevin McCullar Jr",
        70,
        1.5,
        23,
        "SG",
        1
      ]
    ]
  },
  "Philadelphia 76ers": {
    "Salary_24_25_M": 170.4,
    "Picks": {
      "1st": [
        "28 Own",
        "29 Own",
        "30 Own",
        "31 Own",
        "32 Own",
        "33 Own"
      ],
      "2nd": [
        "25 Own",
        "26 Own",
        "27 Own",
        "28 Own",
        "29 Own",
        "30 Own",
        "31 Own",
        "32 Own",
        "33 Own"
      ]
    },
    "Roster": [
      [
        "Joel Embiid",
        92,
        55.7,
        30,
        "C",
        3
      ],
      [
        "Paul George",
        86,
        52.8,
        34,
        "SF",
        3
      ],
      [
        "Tyrese Maxey",
        94,
        35.1,
        24,
        "PG",
        5
      ],
      [
        "Kelly Oubre Jr",
        81,
        8.0,
        29,
        "SG",
        2
      ],
      [
        "Caleb Martin",
        80,
        8.1,
        29,
        "SF",
        4
      ],
      [
        "Andre Drummond",
        79,
        5.0,
        31,
        "C",
        2
      ],
      [
        "Eric Gordon",
        76,
        3.3,
        36,
        "SG",
        1
      ],
      [
        "Kyle Lowry",
        77,
        3.3,
        38,
        "PG",
        1
      ],
      [
        "Guerschon Yabusele",
        76,
        2.1,
        29,
        "PF",
        1
      ],
      [
        "Jared McCain",
        75,
        4.0,
        20,
        "PG",
        4
      ],
      [
        "KJ Martin",
        75,
        8.0,
        23,
        "SF",
        2
      ],
      [
        "Ricky Council IV",
        74,
        2.0,
        23,
        "SG",
        2
      ],
      [
        "Adem Bona",
        72,
        1.5,
        21,
        "C",
        3
      ],
      [
        "Reggie Jackson",
        74,
        3.3,
        34,
        "PG",
        1
      ],
      [
        "Lester Quinones",
        71,
        1.8,
        23,
        "SG",
        1
      ]
    ]
  },
  "Brooklyn Nets": {
    "Salary_24_25_M": 170.5,
    "Picks": {
      "1st": [
        "25 Own",
        "25 (MIL-Prot 1-4)",
        "25 (NYK)",
        "26 Own",
        "27 (NYK)",
        "27 (PHX)",
        "28 Own",
        "29 (NYK)",
        "29 (PHX)",
        "29 (DAL-Prot 1-2)",
        "31 (NYK)"
      ],
      "2nd": [
        "25 Own",
        "26 Own",
        "27 Own",
        "28 Own",
        "29 Own",
        "30 Own",
        "31 Own",
        "32 Own",
        "33 Own"
      ]
    },
    "Roster": [
      [
        "Michael Porter Jr",
        85,
        35.8,
        26,
        "SF",
        3
      ],
      [
        "Nic Claxton",
        82,
        28.0,
        25,
        "C",
        4
      ],
      [
        "Cam Thomas",
        80,
        4.0,
        23,
        "SG",
        1
      ],
      [
        "Dennis Schroder",
        78,
        13.0,
        31,
        "PG",
        1
      ],
      [
        "Ben Simmons",
        80,
        40.3,
        28,
        "PG",
        1
      ],
      [
        "Dorian Finney-Smith",
        78,
        14.9,
        31,
        "PF",
        1
      ],
      [
        "Bojan Bogdanovic",
        79,
        19.0,
        35,
        "SF",
        1
      ],
      [
        "Day'Ron Sharpe",
        75,
        4.0,
        23,
        "C",
        1
      ],
      [
        "Noah Clowney",
        75,
        3.2,
        20,
        "PF",
        3
      ],
      [
        "Jalen Wilson",
        75,
        2.0,
        23,
        "SF",
        2
      ],
      [
        "Ziaire Williams",
        76,
        6.1,
        23,
        "SF",
        1
      ],
      [
        "Trendon Watford",
        76,
        2.7,
        24,
        "PF",
        1
      ],
      [
        "Dariq Whitehead",
        73,
        3.1,
        20,
        "SG",
        3
      ],
      [
        "Shake Milton",
        74,
        3.0,
        28,
        "PG",
        1
      ],
      [
        "Keon Johnson",
        72,
        2.0,
        22,
        "SG",
        1
      ]
    ]
  },
  "Milwaukee Bucks": {
    "Salary_24_25_M": 181.8,
    "Picks": {
      "1st": [
        "26 Own",
        "28 Own",
        "31 Own",
        "32 Own",
        "33 Own"
      ],
      "2nd": [
        "26 Own",
        "27 Own",
        "28 Own",
        "29 Own",
        "30 Own",
        "31 Own",
        "32 Own",
        "33 Own"
      ]
    },
    "Roster": [
      [
        "Giannis Antetokounmpo",
        98,
        52.3,
        29,
        "PF",
        3
      ],
      [
        "Damian Lillard",
        88,
        52.3,
        34,
        "PG",
        2
      ],
      [
        "Khris Middleton",
        83,
        31.0,
        33,
        "SF",
        2
      ],
      [
        "Brook Lopez",
        81,
        23.0,
        36,
        "C",
        1
      ],
      [
        "Bobby Portis",
        82,
        12.6,
        29,
        "PF",
        2
      ],
      [
        "Gary Trent Jr",
        78,
        2.6,
        25,
        "SG",
        1
      ],
      [
        "Delon Wright",
        74,
        3.0,
        32,
        "PG",
        1
      ],
      [
        "Taurean Prince",
        75,
        3.0,
        30,
        "SF",
        1
      ],
      [
        "Pat Connaughton",
        75,
        9.4,
        31,
        "SG",
        2
      ],
      [
        "AJ Green",
        76,
        2.1,
        25,
        "SG",
        1
      ],
      [
        "Andre Jackson Jr",
        74,
        1.9,
        22,
        "SF",
        2
      ],
      [
        "MarJon Beauchamp",
        73,
        2.7,
        24,
        "SF",
        1
      ],
      [
        "Chris Livingston",
        71,
        1.9,
        21,
        "SF",
        2
      ],
      [
        "Tyler Smith",
        70,
        1.2,
        19,
        "PF",
        4
      ],
      [
        "Ryan Rollins",
        78,
        1.0,
        22,
        "PG",
        1
      ]
    ]
  },
  "Cleveland Cavaliers": {
    "Salary_24_25_M": 170.0,
    "Picks": {
      "1st": [
        "26 Own",
        "28 Own",
        "30 Own",
        "31 Own",
        "32 Own",
        "33 Own"
      ],
      "2nd": [
        "25 Own",
        "26 Own",
        "27 Own",
        "28 Own",
        "29 Own",
        "30 Own",
        "31 Own",
        "32 Own",
        "33 Own"
      ]
    },
    "Roster": [
      [
        "Donovan Mitchell",
        94,
        42.0,
        28,
        "SG",
        3
      ],
      [
        "Evan Mobley",
        89,
        11.2,
        23,
        "PF",
        5
      ],
      [
        "Darius Garland",
        85,
        39.4,
        24,
        "PG",
        4
      ],
      [
        "Jarrett Allen",
        88,
        20.0,
        26,
        "C",
        2
      ],
      [
        "Max Strus",
        80,
        15.2,
        28,
        "SF",
        3
      ],
      [
        "Caris LeVert",
        79,
        16.6,
        30,
        "SG",
        1
      ],
      [
        "Isaac Okoro",
        78,
        8.0,
        23,
        "SF",
        3
      ],
      [
        "Dean Wade",
        76,
        6.2,
        28,
        "PF",
        2
      ],
      [
        "Sam Merrill",
        76,
        2.1,
        28,
        "SG",
        1
      ],
      [
        "Georges Niang",
        75,
        8.5,
        31,
        "PF",
        2
      ],
      [
        "Craig Porter Jr",
        74,
        2.0,
        24,
        "PG",
        3
      ],
      [
        "Jaylon Tyson",
        73,
        2.5,
        22,
        "SF",
        4
      ],
      [
        "Ty Jerome",
        73,
        2.6,
        27,
        "PG",
        1
      ],
      [
        "Tristan Thompson",
        72,
        3.0,
        33,
        "C",
        1
      ],
      [
        "Emoni Bates",
        70,
        1.8,
        20,
        "SF",
        1
      ]
    ]
  },
  "Indiana Pacers": {
    "Salary_24_25_M": 169.3,
    "Picks": {
      "1st": [
        "26 Own",
        "27 Own",
        "28 Own",
        "29 Own",
        "30 Own",
        "31 Own",
        "32 Own",
        "33 Own"
      ],
      "2nd": [
        "25 Own",
        "26 Own",
        "27 Own",
        "28 (DAL)",
        "29 Own",
        "30 Own",
        "31 Own",
        "32 Own",
        "33 Own"
      ]
    },
    "Roster": [
      [
        "Tyrese Haliburton",
        93,
        46.0,
        24,
        "PG",
        5
      ],
      [
        "Pascal Siakam",
        91,
        45.8,
        30,
        "PF",
        4
      ],
      [
        "Myles Turner",
        85,
        19.9,
        28,
        "C",
        1
      ],
      [
        "Bennedict Mathurin",
        83,
        7.2,
        22,
        "SG",
        2
      ],
      [
        "Andrew Nembhard",
        81,
        2.0,
        24,
        "PG",
        4
      ],
      [
        "Aaron Nesmith",
        80,
        11.0,
        25,
        "SF",
        3
      ],
      [
        "Obi Toppin",
        79,
        12.0,
        26,
        "PF",
        4
      ],
      [
        "T.J. McConnell",
        80,
        9.3,
        32,
        "PG",
        3
      ],
      [
        "Jarace Walker",
        77,
        6.6,
        21,
        "PF",
        3
      ],
      [
        "Ben Sheppard",
        75,
        2.7,
        23,
        "SG",
        3
      ],
      [
        "Isaiah Jackson",
        76,
        4.4,
        22,
        "C",
        1
      ],
      [
        "James Wiseman",
        74,
        2.2,
        23,
        "C",
        1
      ],
      [
        "Johnny Furphy",
        72,
        1.5,
        19,
        "SF",
        4
      ],
      [
        "Kendall Brown",
        71,
        2.1,
        21,
        "SF",
        1
      ],
      [
        "Enrique Freeman",
        69,
        1.0,
        23,
        "PF",
        1
      ]
    ]
  },
  "Chicago Bulls": {
    "Salary_24_25_M": 165.9,
    "Picks": {
      "1st": [
        "26 Own",
        "27 Own",
        "28 Own",
        "29 Own",
        "30 Own",
        "31 Own",
        "32 Own",
        "33 Own"
      ],
      "2nd": [
        "25 Own",
        "26 Own",
        "27 Own",
        "28 Own",
        "29 Own",
        "30 Own",
        "31 Own",
        "32 Own",
        "33 Own"
      ]
    },
    "Roster": [
      [
        "Zach LaVine",
        84,
        46.0,
        29,
        "SG",
        3
      ],
      [
        "Coby White",
        85,
        12.0,
        24,
        "PG",
        2
      ],
      [
        "Josh Giddey",
        83,
        8.3,
        22,
        "PG",
        1
      ],
      [
        "Nikola Vucevic",
        81,
        21.5,
        33,
        "C",
        2
      ],
      [
        "Patrick Williams",
        78,
        18.0,
        23,
        "PF",
        5
      ],
      [
        "Ayo Dosunmu",
        80,
        7.0,
        24,
        "SG",
        2
      ],
      [
        "Lonzo Ball",
        77,
        21.4,
        27,
        "PG",
        1
      ],
      [
        "Jalen Smith",
        77,
        9.0,
        24,
        "C",
        3
      ],
      [
        "Matas Buzelis",
        78,
        5.2,
        20,
        "SF",
        4
      ],
      [
        "Dalen Terry",
        74,
        3.5,
        22,
        "SF",
        2
      ],
      [
        "Torrey Craig",
        75,
        2.8,
        33,
        "PF",
        1
      ],
      [
        "Julian Phillips",
        73,
        1.9,
        21,
        "SF",
        3
      ],
      [
        "Chris Duarte",
        74,
        5.9,
        27,
        "SG",
        1
      ],
      [
        "Jevon Carter",
        74,
        6.5,
        28,
        "PG",
        2
      ],
      [
        "Adama Sanogo",
        70,
        1.5,
        22,
        "C",
        1
      ]
    ]
  },
  "Detroit Pistons": {
    "Salary_24_25_M": 141.6,
    "Picks": {
      "1st": [
        "26 Own",
        "27 Own",
        "28 Own",
        "29 Own",
        "30 Own",
        "31 Own",
        "32 Own",
        "33 Own"
      ],
      "2nd": [
        "25 Own",
        "26 Own",
        "27 Own",
        "28 Own",
        "29 Own",
        "30 Own",
        "31 Own",
        "32 Own",
        "33 Own"
      ]
    },
    "Roster": [
      [
        "Cade Cunningham",
        89,
        15.0,
        23,
        "PG",
        5
      ],
      [
        "Jalen Duren",
        85,
        4.5,
        21,
        "C",
        2
      ],
      [
        "Jaden Ivey",
        76,
        8.9,
        22,
        "SG",
        2
      ],
      [
        "Ausar Thompson",
        83,
        8.8,
        21,
        "SF",
        3
      ],
      [
        "Tobias Harris",
        80,
        26.0,
        32,
        "PF",
        2
      ],
      [
        "Isaiah Stewart",
        78,
        15.0,
        23,
        "C",
        4
      ],
      [
        "Tim Hardaway Jr",
        76,
        16.2,
        32,
        "SG",
        1
      ],
      [
        "Malik Beasley",
        77,
        6.0,
        28,
        "SG",
        1
      ],
      [
        "Simone Fontecchio",
        76,
        3.2,
        29,
        "SF",
        2
      ],
      [
        "Ron Holland",
        75,
        5.0,
        19,
        "SF",
        4
      ],
      [
        "Paul Reed",
        76,
        7.7,
        25,
        "PF",
        2
      ],
      [
        "Marcus Sasser",
        74,
        2.7,
        24,
        "PG",
        3
      ],
      [
        "Wendell Moore Jr",
        71,
        2.5,
        23,
        "SG",
        1
      ],
      [
        "Bobi Klintman",
        70,
        1.2,
        21,
        "PF",
        4
      ],
      [
        "Daniss Jenkins",
        68,
        1.0,
        22,
        "PG",
        1
      ]
    ]
  },
  "Miami Heat": {
    "Salary_24_25_M": 173.6,
    "Picks": {
      "1st": [
        "27 Own",
        "29 Own",
        "30 Own",
        "31 Own",
        "32 Own",
        "33 Own"
      ],
      "2nd": [
        "25 Own",
        "26 Own",
        "27 Own",
        "28 Own",
        "29 Own",
        "30 Own",
        "31 Own",
        "32 Own",
        "33 Own"
      ]
    },
    "Roster": [
      [
        "Jimmy Butler",
        88,
        52.4,
        35,
        "SF",
        1
      ],
      [
        "Bam Adebayo",
        88,
        45.0,
        27,
        "C",
        4
      ],
      [
        "Tyler Herro",
        85,
        29.0,
        24,
        "SG",
        3
      ],
      [
        "Terry Rozier",
        76,
        24.9,
        30,
        "PG",
        2
      ],
      [
        "Jaime Jaquez Jr",
        81,
        3.8,
        23,
        "SF",
        3
      ],
      [
        "Nikola Jovic",
        78,
        2.5,
        21,
        "PF",
        2
      ],
      [
        "Duncan Robinson",
        80,
        19.4,
        30,
        "SG",
        2
      ],
      [
        "Kel'el Ware",
        76,
        3.5,
        20,
        "C",
        4
      ],
      [
        "Kevin Love",
        77,
        3.8,
        36,
        "PF",
        2
      ],
      [
        "Haywood Highsmith",
        76,
        4.0,
        28,
        "SF",
        2
      ],
      [
        "Alec Burks",
        75,
        3.0,
        33,
        "SG",
        1
      ],
      [
        "Josh Richardson",
        75,
        3.0,
        31,
        "SG",
        1
      ],
      [
        "Thomas Bryant",
        74,
        2.8,
        27,
        "C",
        1
      ],
      [
        "Pelle Larsson",
        74,
        1.2,
        23,
        "SG",
        3
      ],
      [
        "Dru Smith",
        70,
        1.5,
        27,
        "PG",
        1
      ]
    ]
  },
  "Orlando Magic": {
    "Salary_24_25_M": 153.0,
    "Picks": {
      "1st": [
        "25 (DEN-Prot 1-5)",
        "26 Own",
        "27 Own",
        "28 Own",
        "29 Own",
        "30 Own",
        "31 Own",
        "32 Own",
        "33 Own"
      ],
      "2nd": [
        "25 Own",
        "26 Own",
        "27 Own",
        "28 Own",
        "29 Own",
        "30 Own",
        "31 Own",
        "32 Own",
        "33 Own"
      ]
    },
    "Roster": [
      [
        "Paolo Banchero",
        90,
        13.5,
        22,
        "PF",
        2
      ],
      [
        "Franz Wagner",
        90,
        9.0,
        23,
        "SF",
        1
      ],
      [
        "Jalen Suggs",
        85,
        9.0,
        23,
        "PG",
        1
      ],
      [
        "Kentavious Caldwell-Pope",
        80,
        22.0,
        31,
        "SG",
        3
      ],
      [
        "Wendell Carter Jr",
        82,
        11.9,
        25,
        "C",
        2
      ],
      [
        "Jonathan Isaac",
        78,
        15.0,
        27,
        "PF",
        4
      ],
      [
        "Cole Anthony",
        79,
        12.9,
        24,
        "PG",
        3
      ],
      [
        "Moritz Wagner",
        78,
        11.0,
        27,
        "C",
        2
      ],
      [
        "Anthony Black",
        77,
        7.6,
        20,
        "PG",
        3
      ],
      [
        "Jett Howard",
        75,
        5.3,
        21,
        "SF",
        3
      ],
      [
        "Tristan da Silva",
        75,
        3.5,
        23,
        "PF",
        4
      ],
      [
        "Goga Bitadze",
        76,
        8.3,
        25,
        "C",
        3
      ],
      [
        "Gary Harris",
        75,
        7.0,
        30,
        "SG",
        1
      ],
      [
        "Caleb Houstan",
        72,
        2.0,
        21,
        "SF",
        2
      ],
      [
        "Cory Joseph",
        70,
        3.0,
        33,
        "PG",
        1
      ]
    ]
  },
  "Atlanta Hawks": {
    "Salary_24_25_M": 168.4,
    "Picks": {
      "1st": [
        "25 (LAL-Prot 1-4)",
        "28 Own",
        "29 Own",
        "30 Own",
        "31 Own",
        "32 Own",
        "33 Own"
      ],
      "2nd": [
        "25 Own",
        "26 Own",
        "27 Own",
        "28 Own",
        "29 Own",
        "30 Own",
        "31 Own",
        "32 Own",
        "33 Own"
      ]
    },
    "Roster": [
      [
        "Trae Young",
        90,
        46.5,
        26,
        "PG",
        2
      ],
      [
        "Jalen Johnson",
        87,
        10.0,
        23,
        "PF",
        1
      ],
      [
        "Bogdan Bogdanovic",
        79,
        17.2,
        32,
        "SG",
        3
      ],
      [
        "Onyeka Okongwu",
        81,
        14.0,
        24,
        "C",
        4
      ],
      [
        "Clint Capela",
        79,
        22.0,
        30,
        "C",
        1
      ],
      [
        "Dyson Daniels",
        83,
        6.0,
        21,
        "SG",
        3
      ],
      [
        "De'Andre Hunter",
        78,
        23.3,
        27,
        "SF",
        3
      ],
      [
        "Zaccharie Risacher",
        76,
        12.6,
        19,
        "SF",
        4
      ],
      [
        "Larry Nance Jr",
        77,
        11.2,
        31,
        "PF",
        1
      ],
      [
        "Kobe Bufkin",
        75,
        4.3,
        21,
        "PG",
        3
      ],
      [
        "Vit Krejci",
        78,
        2.0,
        24,
        "SG",
        2
      ],
      [
        "Garrison Mathews",
        74,
        2.2,
        28,
        "SG",
        1
      ],
      [
        "Mouhamed Gueye",
        72,
        1.9,
        22,
        "PF",
        3
      ],
      [
        "David Roddy",
        73,
        2.8,
        23,
        "SF",
        1
      ],
      [
        "Cody Zeller",
        71,
        3.0,
        32,
        "C",
        1
      ]
    ]
  },
  "Toronto Raptors": {
    "Salary_24_25_M": 170.7,
    "Picks": {
      "1st": [
        "25 Own",
        "26 Own",
        "27 Own",
        "28 Own",
        "29 Own",
        "30 Own",
        "31 Own",
        "32 Own",
        "33 Own"
      ],
      "2nd": [
        "25 Own",
        "26 Own",
        "27 Own",
        "28 Own",
        "29 Own",
        "30 Own",
        "31 Own",
        "32 Own",
        "33 Own"
      ]
    },
    "Roster": [
      [
        "Scottie Barnes",
        90,
        10.1,
        23,
        "SF",
        5
      ],
      [
        "Immanuel Quickley",
        85,
        32.5,
        25,
        "PG",
        5
      ],
      [
        "RJ Barrett",
        86,
        27.7,
        24,
        "SG",
        3
      ],
      [
        "Jakob Poeltl",
        82,
        19.5,
        29,
        "C",
        3
      ],
      [
        "Gradey Dick",
        79,
        4.8,
        21,
        "SG",
        3
      ],
      [
        "Kelly Olynyk",
        79,
        12.8,
        33,
        "C",
        2
      ],
      [
        "Bruce Brown",
        78,
        23.0,
        28,
        "SG",
        1
      ],
      [
        "Ochai Agbaji",
        75,
        4.3,
        24,
        "SF",
        1
      ],
      [
        "Davion Mitchell",
        78,
        6.5,
        26,
        "PG",
        1
      ],
      [
        "Chris Boucher",
        76,
        10.8,
        31,
        "PF",
        1
      ],
      [
        "Ja'Kobe Walter",
        74,
        4.5,
        20,
        "SG",
        4
      ],
      [
        "Jonathan Mogbo",
        72,
        1.5,
        22,
        "PF",
        3
      ],
      [
        "Jamal Shead",
        71,
        1.2,
        22,
        "PG",
        3
      ],
      [
        "Bruno Fernando",
        73,
        2.4,
        26,
        "C",
        1
      ],
      [
        "Garrett Temple",
        70,
        3.0,
        38,
        "SG",
        1
      ]
    ]
  },
  "Charlotte Hornets": {
    "Salary_24_25_M": 167.3,
    "Picks": {
      "1st": [
        "25 Own",
        "27 (DAL-Prot 1-2)",
        "28 Own",
        "29 Own",
        "30 Own",
        "31 Own",
        "32 Own",
        "33 Own"
      ],
      "2nd": [
        "25 Own",
        "26 (DEN)",
        "27 Own",
        "28 Own",
        "29 Own",
        "30 Own",
        "31 Own",
        "32 Own",
        "33 Own"
      ]
    },
    "Roster": [
      [
        "LaMelo Ball",
        88,
        38.5,
        23,
        "PG",
        5
      ],
      [
        "Brandon Miller",
        83,
        11.4,
        22,
        "SF",
        3
      ],
      [
        "Miles Bridges",
        81,
        25.0,
        26,
        "PF",
        3
      ],
      [
        "Mark Williams",
        80,
        4.0,
        23,
        "C",
        1
      ],
      [
        "Josh Green",
        76,
        13.6,
        24,
        "SG",
        3
      ],
      [
        "Grant Williams",
        75,
        13.0,
        26,
        "PF",
        3
      ],
      [
        "Tre Mann",
        76,
        4.0,
        23,
        "PG",
        1
      ],
      [
        "Nick Richards",
        76,
        5.0,
        27,
        "C",
        2
      ],
      [
        "Vasilije Micic",
        76,
        7.7,
        30,
        "PG",
        2
      ],
      [
        "Cody Martin",
        75,
        8.1,
        29,
        "SF",
        1
      ],
      [
        "Tidjane Salaun",
        75,
        5.6,
        19,
        "PF",
        4
      ],
      [
        "Seth Curry",
        74,
        3.0,
        34,
        "SG",
        1
      ],
      [
        "Taj Gibson",
        70,
        3.0,
        39,
        "C",
        1
      ],
      [
        "Nick Smith Jr",
        73,
        2.6,
        20,
        "SG",
        3
      ],
      [
        "Moussa Diabate",
        71,
        1.5,
        22,
        "C",
        1
      ]
    ]
  },
  "Washington Wizards": {
    "Salary_24_25_M": 169.7,
    "Picks": {
      "1st": [
        "25 Own",
        "26 Own",
        "27 Own",
        "28 Own",
        "29 Own",
        "30 (GSW-Prot 1-20)",
        "31 Own",
        "32 Own",
        "33 Own"
      ],
      "2nd": [
        "25 (DAL)",
        "26 Own",
        "27 Own",
        "28 Own",
        "29 Own",
        "30 Own",
        "31 Own",
        "32 Own",
        "33 Own"
      ]
    },
    "Roster": [
      [
        "Kyle Kuzma",
        82,
        23.5,
        29,
        "PF",
        3
      ],
      [
        "Jordan Poole",
        79,
        29.6,
        25,
        "SG",
        3
      ],
      [
        "Alex Sarr",
        77,
        11.2,
        19,
        "C",
        4
      ],
      [
        "Jonas Valanciunas",
        81,
        10.0,
        32,
        "C",
        3
      ],
      [
        "Bilal Coulibaly",
        79,
        7.0,
        20,
        "SF",
        3
      ],
      [
        "Malcolm Brogdon",
        80,
        22.5,
        31,
        "PG",
        1
      ],
      [
        "Corey Kispert",
        77,
        3.8,
        25,
        "SF",
        1
      ],
      [
        "Bub Carrington",
        75,
        4.0,
        19,
        "PG",
        4
      ],
      [
        "Saddiq Bey",
        78,
        6.0,
        25,
        "SF",
        1
      ],
      [
        "Marvin Bagley III",
        76,
        12.5,
        25,
        "C",
        1
      ],
      [
        "Kyshawn George",
        74,
        3.0,
        20,
        "SF",
        4
      ],
      [
        "Richaun Holmes",
        75,
        12.0,
        31,
        "C",
        1
      ],
      [
        "Johnny Davis",
        72,
        5.0,
        22,
        "SG",
        1
      ],
      [
        "Patrick Baldwin Jr",
        71,
        2.4,
        22,
        "PF",
        1
      ],
      [
        "Jared Butler",
        72,
        2.0,
        24,
        "PG",
        1
      ]
    ]
  },
  "Oklahoma City Thunder": {
    "Salary_24_25_M": 166.6,
    "Picks": {
      "1st": [
        "25 Own",
        "25 (MIA-Prot 1-14)",
        "25 (PHI-Prot 1-6)",
        "26 Own",
        "26 (LAC)",
        "26 (PHI-Prot 1-4)",
        "27 Own",
        "27 (DEN-Prot 1-5)",
        "28 Own",
        "29 Own",
        "30 Own",
        "31 Own",
        "32 Own",
        "33 Own"
      ],
      "2nd": [
        "25 Own",
        "26 Own",
        "26 (DAL)",
        "27 Own",
        "28 Own",
        "29 Own",
        "30 Own",
        "31 Own",
        "32 Own",
        "33 Own"
      ]
    },
    "Roster": [
      [
        "Shai Gilgeous-Alexander",
        98,
        40.0,
        26,
        "PG",
        2
      ],
      [
        "Chet Holmgren",
        88,
        11.6,
        22,
        "C",
        2
      ],
      [
        "Jalen Williams",
        89,
        4.7,
        23,
        "PF",
        2
      ],
      [
        "Isaiah Hartenstein",
        84,
        28.0,
        26,
        "C",
        3
      ],
      [
        "Alex Caruso",
        83,
        9.8,
        30,
        "SG",
        1
      ],
      [
        "Luguentz Dort",
        81,
        16.5,
        25,
        "SF",
        3
      ],
      [
        "Cason Wallace",
        79,
        5.5,
        21,
        "PG",
        3
      ],
      [
        "Isaiah Joe",
        78,
        2.1,
        25,
        "SG",
        4
      ],
      [
        "Aaron Wiggins",
        77,
        2.0,
        25,
        "SF",
        5
      ],
      [
        "Jaylin Williams",
        76,
        2.0,
        22,
        "C",
        2
      ],
      [
        "Nikola Topic",
        75,
        4.0,
        19,
        "PG",
        4
      ],
      [
        "Kenrich Williams",
        75,
        6.0,
        29,
        "PF",
        3
      ],
      [
        "Ousmane Dieng",
        74,
        5.0,
        21,
        "SF",
        2
      ],
      [
        "Dillon Jones",
        73,
        2.0,
        22,
        "SF",
        4
      ],
      [
        "Ajay Mitchell",
        76,
        1.5,
        22,
        "PG",
        4
      ]
    ]
  },
  "Denver Nuggets": {
    "Salary_24_25_M": 182.6,
    "Picks": {
      "1st": [
        "26 Own",
        "28 Own",
        "29 Own",
        "30 Own",
        "31 Own",
        "32 Own",
        "33 Own"
      ],
      "2nd": [
        "25 Own",
        "27 Own",
        "28 Own",
        "29 Own",
        "30 Own",
        "31 Own",
        "32 Own",
        "33 Own"
      ]
    },
    "Roster": [
      [
        "Nikola Jokic",
        99,
        55.7,
        29,
        "C",
        3
      ],
      [
        "Jamal Murray",
        89,
        36.0,
        27,
        "PG",
        5
      ],
      [
        "Aaron Gordon",
        86,
        22.8,
        29,
        "PF",
        2
      ],
      [
        "Cameron Johnson",
        83,
        23.6,
        28,
        "SF",
        3
      ],
      [
        "Christian Braun",
        80,
        3.0,
        23,
        "SG",
        2
      ],
      [
        "Russell Westbrook",
        79,
        4.0,
        35,
        "PG",
        1
      ],
      [
        "Peyton Watson",
        78,
        2.4,
        22,
        "SF",
        2
      ],
      [
        "Dario Saric",
        76,
        5.2,
        30,
        "PF",
        2
      ],
      [
        "Julian Strawther",
        76,
        2.5,
        22,
        "SG",
        3
      ],
      [
        "DeAndre Jordan",
        72,
        3.0,
        36,
        "C",
        1
      ],
      [
        "Zeke Nnaji",
        74,
        8.0,
        23,
        "PF",
        4
      ],
      [
        "DaRon Holmes II",
        74,
        3.0,
        22,
        "C",
        4
      ],
      [
        "Vlatko Cancar",
        73,
        2.2,
        27,
        "SF",
        1
      ],
      [
        "Hunter Tyson",
        71,
        1.8,
        24,
        "SF",
        3
      ],
      [
        "Jalen Pickett",
        70,
        1.8,
        24,
        "PG",
        3
      ]
    ]
  },
  "Minnesota Timberwolves": {
    "Salary_24_25_M": 202.4,
    "Picks": {
      "1st": [
        "25 (DET-Prot 1-13)",
        "26 Own",
        "28 Own",
        "30 Own",
        "31 Own",
        "32 Own",
        "33 Own"
      ],
      "2nd": [
        "25 Own",
        "26 Own",
        "27 Own",
        "28 Own",
        "29 Own",
        "30 Own",
        "31 Own",
        "32 Own",
        "33 Own"
      ]
    },
    "Roster": [
      [
        "Anthony Edwards",
        96,
        46.0,
        23,
        "SG",
        5
      ],
      [
        "Rudy Gobert",
        88,
        43.8,
        32,
        "C",
        2
      ],
      [
        "Julius Randle",
        87,
        28.9,
        29,
        "PF",
        1
      ],
      [
        "Jaden McDaniels",
        83,
        24.0,
        24,
        "SF",
        5
      ],
      [
        "Naz Reid",
        84,
        13.9,
        25,
        "C",
        2
      ],
      [
        "Mike Conley",
        80,
        10.0,
        37,
        "PG",
        2
      ],
      [
        "Donte DiVincenzo",
        82,
        11.4,
        27,
        "SG",
        3
      ],
      [
        "Nickeil Alexander-Walker",
        78,
        4.0,
        26,
        "SG",
        1
      ],
      [
        "Rob Dillingham",
        73,
        6.2,
        19,
        "PG",
        4
      ],
      [
        "Joe Ingles",
        75,
        3.3,
        37,
        "SF",
        1
      ],
      [
        "Terrence Shannon Jr",
        74,
        2.5,
        24,
        "SF",
        4
      ],
      [
        "Luka Garza",
        73,
        2.0,
        25,
        "C",
        1
      ],
      [
        "Leonard Miller",
        73,
        1.8,
        20,
        "PF",
        2
      ],
      [
        "PJ Dozier",
        71,
        2.0,
        27,
        "SG",
        1
      ],
      [
        "Josh Minott",
        72,
        1.8,
        21,
        "SF",
        1
      ]
    ]
  },
  "Portland Trail Blazers": {
    "Salary_24_25_M": 167.2,
    "Picks": {
      "1st": [
        "25 Own",
        "26 Own",
        "27 Own",
        "28 Own",
        "29 Own",
        "30 Own",
        "31 Own",
        "32 Own",
        "33 Own"
      ],
      "2nd": [
        "25 Own",
        "26 Own",
        "27 Own",
        "28 Own",
        "29 Own",
        "30 Own",
        "31 Own",
        "32 Own",
        "33 Own"
      ]
    },
    "Roster": [
      [
        "Anfernee Simons",
        84,
        25.8,
        25,
        "SG",
        2
      ],
      [
        "Jerami Grant",
        82,
        29.7,
        30,
        "PF",
        4
      ],
      [
        "Deandre Ayton",
        83,
        34.0,
        26,
        "C",
        2
      ],
      [
        "Shaedon Sharpe",
        82,
        6.6,
        21,
        "SG",
        2
      ],
      [
        "Scoot Henderson",
        79,
        10.0,
        20,
        "PG",
        3
      ],
      [
        "Deni Avdija",
        87,
        15.6,
        23,
        "SF",
        4
      ],
      [
        "Donovan Clingan",
        77,
        7.2,
        20,
        "C",
        4
      ],
      [
        "Robert Williams III",
        80,
        12.4,
        27,
        "C",
        2
      ],
      [
        "Toumani Camara",
        82,
        1.8,
        24,
        "SF",
        3
      ],
      [
        "Matisse Thybulle",
        76,
        11.0,
        27,
        "SF",
        1
      ],
      [
        "Kris Murray",
        75,
        2.8,
        24,
        "PF",
        3
      ],
      [
        "Dalano Banton",
        75,
        2.0,
        25,
        "PG",
        1
      ],
      [
        "Duop Reath",
        74,
        1.9,
        28,
        "C",
        2
      ],
      [
        "Jabari Walker",
        76,
        2.0,
        22,
        "PF",
        3
      ],
      [
        "Rayan Rupert",
        72,
        1.8,
        20,
        "SG",
        3
      ]
    ]
  },
  "Utah Jazz": {
    "Salary_24_25_M": 154.1,
    "Picks": {
      "1st": [
        "25 Own",
        "25 (MIN)",
        "25 (CLE)",
        "26 Own",
        "27 Own",
        "27 (MIN)",
        "27 (CLE)",
        "27 (LAL-Prot 1-4)",
        "28 Own",
        "29 Own",
        "29 (CLE)",
        "29 (MIN)",
        "30 Own",
        "31 Own",
        "32 Own",
        "33 Own"
      ],
      "2nd": [
        "25 Own",
        "26 Own",
        "27 Own",
        "28 Own",
        "29 Own",
        "30 Own",
        "31 Own",
        "32 Own",
        "33 Own"
      ]
    },
    "Roster": [
      [
        "Lauri Markkanen",
        90,
        36.0,
        27,
        "PF",
        4
      ],
      [
        "Collin Sexton",
        83,
        18.3,
        25,
        "SG",
        2
      ],
      [
        "Walker Kessler",
        82,
        3.0,
        23,
        "C",
        2
      ],
      [
        "John Collins",
        80,
        26.5,
        27,
        "PF",
        2
      ],
      [
        "Keyonte George",
        81,
        4.2,
        20,
        "PG",
        3
      ],
      [
        "Jordan Clarkson",
        79,
        14.0,
        32,
        "SG",
        2
      ],
      [
        "Taylor Hendricks",
        77,
        5.8,
        20,
        "PF",
        3
      ],
      [
        "Cody Williams",
        75,
        5.0,
        19,
        "SF",
        4
      ],
      [
        "Isaiah Collier",
        76,
        4.0,
        19,
        "PG",
        4
      ],
      [
        "Kyle Filipowski",
        74,
        3.0,
        20,
        "C",
        4
      ],
      [
        "Brice Sensabaugh",
        74,
        3.0,
        20,
        "SF",
        3
      ],
      [
        "Drew Eubanks",
        75,
        5.0,
        27,
        "C",
        2
      ],
      [
        "Svi Mykhailiuk",
        73,
        3.0,
        27,
        "SF",
        1
      ],
      [
        "Patty Mills",
        72,
        3.3,
        36,
        "PG",
        1
      ],
      [
        "Johnny Juzang",
        72,
        2.0,
        23,
        "SG",
        1
      ]
    ]
  },
  "Golden State Warriors": {
    "Salary_24_25_M": 176.9,
    "Picks": {
      "1st": [
        "25 Own",
        "26 Own",
        "27 Own",
        "28 Own",
        "29 Own",
        "31 Own",
        "32 Own",
        "33 Own"
      ],
      "2nd": [
        "26 Own",
        "27 Own",
        "30 Own",
        "31 Own",
        "32 Own",
        "33 Own"
      ]
    },
    "Roster": [
      [
        "Stephen Curry",
        96,
        59.6,
        36,
        "PG",
        2
      ],
      [
        "Draymond Green",
        83,
        24.1,
        34,
        "PF",
        3
      ],
      [
        "Andrew Wiggins",
        83,
        26.2,
        29,
        "SF",
        3
      ],
      [
        "Jonathan Kuminga",
        78,
        7.6,
        22,
        "PF",
        1
      ],
      [
        "Brandin Podziemski",
        78,
        3.5,
        21,
        "SG",
        3
      ],
      [
        "Buddy Hield",
        78,
        9.0,
        31,
        "SG",
        2
      ],
      [
        "De'Anthony Melton",
        78,
        12.8,
        26,
        "PG",
        1
      ],
      [
        "Kyle Anderson",
        76,
        8.7,
        31,
        "SF",
        3
      ],
      [
        "Trayce Jackson-Davis",
        74,
        1.8,
        24,
        "C",
        3
      ],
      [
        "Moses Moody",
        76,
        5.8,
        22,
        "SG",
        1
      ],
      [
        "Gary Payton II",
        74,
        9.1,
        31,
        "SG",
        1
      ],
      [
        "Kevon Looney",
        74,
        8.0,
        28,
        "C",
        1
      ],
      [
        "Lindy Waters III",
        72,
        2.0,
        27,
        "SG",
        1
      ],
      [
        "Gui Santos",
        72,
        1.8,
        22,
        "SF",
        1
      ],
      [
        "Quinten Post",
        76,
        1.2,
        24,
        "C",
        2
      ]
    ]
  },
  "LA Clippers": {
    "Salary_24_25_M": 170.7,
    "Picks": {
      "1st": [
        "27 Own",
        "28 Own",
        "29 Own",
        "30 Own",
        "31 Own",
        "32 Own",
        "33 Own"
      ],
      "2nd": [
        "25 Own",
        "26 Own",
        "27 Own",
        "28 Own",
        "29 Own",
        "30 Own",
        "31 Own",
        "32 Own",
        "33 Own"
      ]
    },
    "Roster": [
      [
        "James Harden",
        88,
        35.0,
        35,
        "PG",
        2
      ],
      [
        "Kawhi Leonard",
        90,
        50.0,
        33,
        "SF",
        2
      ],
      [
        "Ivica Zubac",
        84,
        11.7,
        27,
        "C",
        3
      ],
      [
        "Norman Powell",
        84,
        19.2,
        31,
        "SG",
        2
      ],
      [
        "Terance Mann",
        78,
        11.0,
        27,
        "SF",
        3
      ],
      [
        "Derrick Jones Jr",
        78,
        10.0,
        27,
        "PF",
        3
      ],
      [
        "Nicolas Batum",
        76,
        4.6,
        35,
        "PF",
        2
      ],
      [
        "Kris Dunn",
        78,
        5.0,
        30,
        "PG",
        1
      ],
      [
        "Kevin Porter Jr",
        80,
        2.5,
        24,
        "SG",
        1
      ],
      [
        "Mo Bamba",
        75,
        2.5,
        26,
        "C",
        1
      ],
      [
        "Amir Coffey",
        76,
        3.9,
        27,
        "SF",
        1
      ],
      [
        "Bones Hyland",
        75,
        4.1,
        24,
        "PG",
        1
      ],
      [
        "Kobe Brown",
        75,
        2.5,
        24,
        "PF",
        2
      ],
      [
        "Kai Jones",
        72,
        2.0,
        23,
        "C",
        1
      ],
      [
        "Cam Christie",
        74,
        1.2,
        19,
        "SG",
        2
      ]
    ]
  },
  "LA Lakers": {
    "Salary_24_25_M": 188.3,
    "Picks": {
      "1st": [
        "26 Own",
        "28 Own",
        "29 Own",
        "30 Own",
        "31 Own",
        "32 Own",
        "33 Own"
      ],
      "2nd": [
        "25 Own",
        "27 Own",
        "28 Own",
        "29 Own",
        "30 Own",
        "31 Own",
        "32 Own",
        "33 Own"
      ]
    },
    "Roster": [
      [
        "LeBron James",
        90,
        52.6,
        39,
        "PF",
        1
      ],
      [
        "Anthony Davis",
        92,
        46.8,
        31,
        "C",
        3
      ],
      [
        "Austin Reaves",
        88,
        12.9,
        26,
        "SG",
        2
      ],
      [
        "D'Angelo Russell",
        78,
        18.7,
        28,
        "PG",
        1
      ],
      [
        "Rui Hachimura",
        81,
        17.0,
        26,
        "SF",
        2
      ],
      [
        "Jarred Vanderbilt",
        78,
        10.7,
        25,
        "PF",
        4
      ],
      [
        "Gabe Vincent",
        76,
        11.0,
        28,
        "PG",
        2
      ],
      [
        "Max Christie",
        77,
        7.1,
        21,
        "SG",
        4
      ],
      [
        "Dalton Knecht",
        74,
        3.8,
        23,
        "SF",
        4
      ],
      [
        "Jaxson Hayes",
        75,
        2.4,
        24,
        "C",
        1
      ],
      [
        "Christian Wood",
        73,
        3.0,
        29,
        "C",
        1
      ],
      [
        "Cam Reddish",
        74,
        2.4,
        25,
        "SF",
        1
      ],
      [
        "Bronny James",
        70,
        1.2,
        20,
        "PG",
        3
      ],
      [
        "Jalen Hood-Schifino",
        72,
        3.8,
        21,
        "PG",
        2
      ],
      [
        "Christian Koloko",
        72,
        2.0,
        24,
        "C",
        1
      ]
    ]
  },
  "Phoenix Suns": {
    "Salary_24_25_M": 214.4,
    "Picks": {
      "1st": [
        "26 Own",
        "28 Own",
        "30 Own",
        "31 Own",
        "32 Own",
        "33 Own"
      ],
      "2nd": [
        "28 Own",
        "31 Own",
        "32 Own",
        "33 Own"
      ]
    },
    "Roster": [
      [
        "Kevin Durant",
        96,
        54.7,
        36,
        "PF",
        1
      ],
      [
        "Devin Booker",
        95,
        53.5,
        28,
        "SG",
        4
      ],
      [
        "Bradley Beal",
        85,
        50.2,
        31,
        "SG",
        3
      ],
      [
        "Tyus Jones",
        80,
        3.0,
        28,
        "PG",
        1
      ],
      [
        "Jusuf Nurkic",
        80,
        18.1,
        30,
        "C",
        2
      ],
      [
        "Grayson Allen",
        82,
        15.6,
        28,
        "SG",
        4
      ],
      [
        "Royce O'Neale",
        78,
        9.5,
        31,
        "SF",
        4
      ],
      [
        "Mason Plumlee",
        75,
        3.3,
        34,
        "C",
        1
      ],
      [
        "Ryan Dunn",
        76,
        2.5,
        21,
        "SF",
        4
      ],
      [
        "Oso Ighodaro",
        74,
        2.0,
        22,
        "C",
        4
      ],
      [
        "Josh Okogie",
        76,
        8.0,
        26,
        "SG",
        2
      ],
      [
        "Damion Lee",
        73,
        2.8,
        31,
        "SG",
        1
      ],
      [
        "Monte Morris",
        77,
        2.8,
        29,
        "PG",
        1
      ],
      [
        "Bol Bol",
        74,
        2.5,
        24,
        "PF",
        1
      ],
      [
        "Jalen Bridges",
        69,
        1.0,
        23,
        "SF",
        1
      ]
    ]
  },
  "Sacramento Kings": {
    "Salary_24_25_M": 167.5,
    "Picks": {
      "1st": [
        "26 Own",
        "27 Own",
        "28 Own",
        "29 Own",
        "30 Own",
        "31 Own",
        "32 Own",
        "33 Own"
      ],
      "2nd": [
        "25 Own",
        "26 Own",
        "27 Own",
        "28 Own",
        "29 Own",
        "30 Own",
        "31 Own",
        "32 Own",
        "33 Own"
      ]
    },
    "Roster": [
      [
        "De'Aaron Fox",
        92,
        37.1,
        26,
        "PG",
        2
      ],
      [
        "Domantas Sabonis",
        90,
        44.1,
        28,
        "C",
        4
      ],
      [
        "DeMar DeRozan",
        85,
        23.0,
        35,
        "SF",
        3
      ],
      [
        "Keegan Murray",
        85,
        10.0,
        24,
        "PF",
        2
      ],
      [
        "Malik Monk",
        82,
        19.5,
        26,
        "SG",
        4
      ],
      [
        "Kevin Huerter",
        78,
        16.8,
        26,
        "SG",
        2
      ],
      [
        "Keon Ellis",
        79,
        2.0,
        24,
        "PG",
        2
      ],
      [
        "Trey Lyles",
        76,
        8.0,
        28,
        "PF",
        1
      ],
      [
        "Alex Len",
        74,
        3.3,
        31,
        "C",
        1
      ],
      [
        "Doug McDermott",
        74,
        2.5,
        32,
        "SF",
        1
      ],
      [
        "Devin Carter",
        75,
        4.5,
        22,
        "PG",
        4
      ],
      [
        "Orlando Robinson",
        73,
        2.0,
        24,
        "C",
        1
      ],
      [
        "Colby Jones",
        72,
        2.0,
        22,
        "SG",
        2
      ],
      [
        "Jalen McDaniels",
        73,
        4.7,
        26,
        "SF",
        1
      ],
      [
        "Isaac Jones",
        68,
        1.0,
        23,
        "PF",
        1
      ]
    ]
  },
  "Dallas Mavericks": {
    "Salary_24_25_M": 174.2,
    "Picks": {
      "1st": [
        "25 Own",
        "26 Own",
        "28 Own",
        "30 Own",
        "31 Own",
        "32 Own",
        "33 Own"
      ],
      "2nd": [
        "27 Own",
        "29 Own",
        "30 Own",
        "31 Own",
        "32 Own",
        "33 Own"
      ]
    },
    "Roster": [
      [
        "Luka Doncic",
        98,
        48.0,
        25,
        "PG",
        2
      ],
      [
        "Kyrie Irving",
        90,
        43.9,
        32,
        "SG",
        1
      ],
      [
        "Klay Thompson",
        80,
        16.0,
        34,
        "SF",
        3
      ],
      [
        "Dereck Lively II",
        80,
        5.0,
        20,
        "C",
        3
      ],
      [
        "P.J. Washington",
        81,
        15.5,
        26,
        "PF",
        2
      ],
      [
        "Daniel Gafford",
        80,
        13.3,
        25,
        "C",
        2
      ],
      [
        "Naji Marshall",
        78,
        9.0,
        26,
        "SF",
        3
      ],
      [
        "Quentin Grimes",
        80,
        4.0,
        24,
        "SG",
        1
      ],
      [
        "Spencer Dinwiddie",
        76,
        3.0,
        31,
        "PG",
        1
      ],
      [
        "Maxi Kleber",
        75,
        11.0,
        32,
        "PF",
        2
      ],
      [
        "Dante Exum",
        77,
        3.0,
        29,
        "PG",
        1
      ],
      [
        "Jaden Hardy",
        76,
        2.0,
        22,
        "SG",
        1
      ],
      [
        "Dwight Powell",
        73,
        4.0,
        33,
        "C",
        2
      ],
      [
        "Olivier-Maxence Prosper",
        72,
        2.8,
        22,
        "PF",
        3
      ],
      [
        "Brandon Williams",
        75,
        1.0,
        24,
        "PG",
        1
      ]
    ]
  },
  "Houston Rockets": {
    "Salary_24_25_M": 169.2,
    "Picks": {
      "1st": [
        "25 Own",
        "26 Own",
        "27 Own",
        "28 Own",
        "29 Own",
        "30 Own",
        "31 Own",
        "32 Own",
        "33 Own"
      ],
      "2nd": [
        "25 Own",
        "26 Own",
        "27 Own",
        "28 Own",
        "29 Own",
        "30 Own",
        "31 Own",
        "32 Own",
        "33 Own"
      ]
    },
    "Roster": [
      [
        "Alperen Sengun",
        90,
        10.0,
        22,
        "C",
        1
      ],
      [
        "Fred VanVleet",
        83,
        42.8,
        30,
        "PG",
        1
      ],
      [
        "Jalen Green",
        83,
        10.0,
        22,
        "SG",
        1
      ],
      [
        "Jabari Smith Jr",
        83,
        10.0,
        21,
        "PF",
        2
      ],
      [
        "Dillon Brooks",
        83,
        22.2,
        28,
        "SF",
        3
      ],
      [
        "Amen Thompson",
        85,
        9.0,
        21,
        "SF",
        3
      ],
      [
        "Tari Eason",
        80,
        4.0,
        23,
        "PF",
        2
      ],
      [
        "Reed Sheppard",
        77,
        10.0,
        20,
        "PG",
        4
      ],
      [
        "Steven Adams",
        79,
        12.6,
        31,
        "C",
        1
      ],
      [
        "Cam Whitmore",
        78,
        3.5,
        20,
        "SF",
        3
      ],
      [
        "Jeff Green",
        75,
        8.0,
        38,
        "PF",
        1
      ],
      [
        "Jae'Sean Tate",
        75,
        7.0,
        28,
        "SF",
        1
      ],
      [
        "Aaron Holiday",
        74,
        4.6,
        28,
        "PG",
        1
      ],
      [
        "Jock Landale",
        74,
        8.0,
        28,
        "C",
        3
      ],
      [
        "N'Faly Dante",
        69,
        1.0,
        22,
        "C",
        1
      ]
    ]
  },
  "Memphis Grizzlies": {
    "Salary_24_25_M": 163.9,
    "Picks": {
      "1st": [
        "25 Own",
        "26 Own",
        "27 Own",
        "28 Own",
        "29 Own",
        "30 Own",
        "31 Own",
        "32 Own",
        "33 Own"
      ],
      "2nd": [
        "25 Own",
        "26 Own",
        "27 Own",
        "28 Own",
        "29 Own",
        "30 Own",
        "31 Own",
        "32 Own",
        "33 Own"
      ]
    },
    "Roster": [
      [
        "Ja Morant",
        90,
        39.4,
        25,
        "PG",
        4
      ],
      [
        "Jaren Jackson Jr",
        88,
        25.2,
        25,
        "C",
        2
      ],
      [
        "Desmond Bane",
        86,
        34.0,
        26,
        "SG",
        4
      ],
      [
        "Marcus Smart",
        82,
        20.2,
        30,
        "PG",
        2
      ],
      [
        "Zach Edey",
        79,
        6.0,
        22,
        "C",
        4
      ],
      [
        "Brandon Clarke",
        79,
        12.5,
        28,
        "PF",
        3
      ],
      [
        "Vince Williams Jr",
        78,
        2.0,
        23,
        "SF",
        3
      ],
      [
        "GG Jackson",
        77,
        2.0,
        19,
        "PF",
        3
      ],
      [
        "Santi Aldama",
        77,
        4.0,
        23,
        "PF",
        1
      ],
      [
        "Luke Kennard",
        78,
        11.0,
        28,
        "SG",
        1
      ],
      [
        "Scotty Pippen Jr",
        76,
        2.0,
        23,
        "PG",
        2
      ],
      [
        "John Konchar",
        74,
        6.0,
        28,
        "SG",
        3
      ],
      [
        "Jaylen Wells",
        76,
        1.5,
        20,
        "SF",
        3
      ],
      [
        "Jake LaRavia",
        76,
        3.3,
        22,
        "PF",
        1
      ],
      [
        "Yuki Kawamura",
        68,
        1.0,
        23,
        "PG",
        1
      ]
    ]
  },
  "New Orleans Pelicans": {
    "Salary_24_25_M": 170.7,
    "Picks": {
      "1st": [
        "25 Own",
        "25 (LAL-Prot 1-4)",
        "25 (MIL)",
        "25 (SAC-Prot 1-12)",
        "26 Own",
        "27 Own",
        "27 (MIL)",
        "28 Own",
        "29 Own",
        "30 Own",
        "31 Own",
        "32 Own",
        "33 Own"
      ],
      "2nd": [
        "25 Own",
        "26 Own",
        "27 Own",
        "28 Own",
        "29 Own",
        "30 Own",
        "31 Own",
        "32 Own",
        "33 Own"
      ]
    },
    "Roster": [
      [
        "Zion Williamson",
        88,
        39.4,
        24,
        "PF",
        4
      ],
      [
        "Brandon Ingram",
        88,
        36.0,
        27,
        "SF",
        1
      ],
      [
        "Dejounte Murray",
        85,
        25.5,
        28,
        "PG",
        3
      ],
      [
        "CJ McCollum",
        85,
        33.3,
        33,
        "SG",
        2
      ],
      [
        "Herb Jones",
        82,
        12.9,
        26,
        "SF",
        3
      ],
      [
        "Trey Murphy III",
        86,
        5.0,
        24,
        "SF",
        1
      ],
      [
        "Jose Alvarado",
        78,
        9.0,
        26,
        "PG",
        1
      ],
      [
        "Yves Missi",
        76,
        3.0,
        20,
        "C",
        4
      ],
      [
        "Jordan Hawkins",
        76,
        4.5,
        22,
        "SG",
        3
      ],
      [
        "Daniel Theis",
        75,
        3.0,
        32,
        "C",
        1
      ],
      [
        "Javonte Green",
        75,
        2.4,
        31,
        "SF",
        1
      ],
      [
        "Jeremiah Robinson-Earl",
        73,
        2.2,
        23,
        "PF",
        1
      ],
      [
        "Brandon Boston Jr",
        72,
        2.0,
        22,
        "SG",
        1
      ],
      [
        "Antonio Reeves",
        71,
        1.5,
        23,
        "SG",
        3
      ],
      [
        "Karlo Matkovic",
        70,
        1.5,
        23,
        "C",
        2
      ]
    ]
  },
  "San Antonio Spurs": {
    "Salary_24_25_M": 162.8,
    "Picks": {
      "1st": [
        "25 Own",
        "25 (ATL)",
        "25 (CHI-Prot 1-10)",
        "26 Own",
        "27 Own",
        "27 (ATL)",
        "28 Own",
        "28 (BOS-Swap)",
        "29 Own",
        "30 Own",
        "31 Own",
        "32 Own",
        "33 Own"
      ],
      "2nd": [
        "25 Own",
        "26 Own",
        "27 Own",
        "28 Own",
        "29 Own",
        "30 Own",
        "31 Own",
        "32 Own",
        "33 Own"
      ]
    },
    "Roster": [
      [
        "Victor Wembanyama",
        90,
        13.7,
        20,
        "C",
        3
      ],
      [
        "Chris Paul",
        76,
        11.0,
        39,
        "PG",
        1
      ],
      [
        "Devin Vassell",
        84,
        27.0,
        24,
        "SG",
        5
      ],
      [
        "Harrison Barnes",
        80,
        18.0,
        32,
        "SF",
        2
      ],
      [
        "Jeremy Sochan",
        81,
        5.5,
        21,
        "PF",
        2
      ],
      [
        "Stephon Castle",
        78,
        9.0,
        19,
        "PG",
        4
      ],
      [
        "Keldon Johnson",
        81,
        19.0,
        25,
        "SF",
        3
      ],
      [
        "Zach Collins",
        77,
        16.7,
        26,
        "C",
        2
      ],
      [
        "Tre Jones",
        78,
        9.1,
        24,
        "PG",
        1
      ],
      [
        "Julian Champagnie",
        76,
        3.0,
        23,
        "SF",
        3
      ],
      [
        "Malaki Branham",
        74,
        3.0,
        21,
        "SG",
        1
      ],
      [
        "Blake Wesley",
        73,
        2.5,
        21,
        "PG",
        1
      ],
      [
        "Sandro Mamukelashvili",
        74,
        2.2,
        25,
        "PF",
        1
      ],
      [
        "Charles Bassey",
        73,
        2.5,
        23,
        "C",
        2
      ],
      [
        "Harrison Ingram",
        70,
        1.2,
        21,
        "SF",
        1
      ]
    ]
  }
}